1522188499.4031134, 1546-1, https://lh4.googleusercontent.com/-gj2wg-G_7Ls/Rm-CUR6fSEI/AAAAAAAAARA/hHaoQ56zS-M/s1600/
1522188654.6904285, 1546-1, https://lh4.googleusercontent.com/-gj2wg-G_7Ls/Rm-CUR6fSEI/AAAAAAAAARA/hHaoQ56zS-M/s1600/
1522188819.10988, 5676-1, https://lh4.googleusercontent.com/-ELgZSKrZbqo/SaMhrFQkXkI/AAAAAAAAAZM/mGZFAsVCWrE/s1600/
1522189037.149101, 10595-1, https://lh3.googleusercontent.com/--y309S1M_ws/UVxP_nosQsI/AAAAAAAAnio/DVqsuLLPykk/s1600/
1522189073.8126285, 2444-1, http://lh3.ggpht.com/-LNw2NSKgt3U/Ru2fS4lmurI/AAAAAAAAAUQ/TRowivSdQvs/s1600/
1522189107.5436091, 12718-1, https://lh4.googleusercontent.com/-sQbTu2rFAwg/S_fBtdibhvI/AAAAAAAABCk/qu5bBzOyeHM/s1600/
1522189605.9023447, 11249-3, http://mw2.google.com/mw-panoramio/photos/medium/2600974.jpg
1522189736.5301096, 7527-1, http://lh3.ggpht.com/-zA4oGEQ2UPU/R4blHpYSaVI/AAAAAAAACp8/-yUwicziw2c/s1600/
1522190232.4854586, 5376-7, http://lh3.ggpht.com/-fOcPCT-Y-qc/SMliZS-QpDI/AAAAAAAAA1U/OJaW26mce8E/s1600/
1522190899.75574, 1031-1, http://mw2.google.com/mw-panoramio/photos/small/6416081.jpg
1522191035.0805588, 626-3, https://lh4.googleusercontent.com/-k4whgAIUD3I/UnJahd6we8I/AAAAAAAABkA/gsZSg9j0VBs/s0-d/
1522191409.7756903, 6484-1, https://lh5.googleusercontent.com/-WCQSBgFt0hA/Ugopk6CfrrI/AAAAAAAAPzE/NL-5SZ7HyNs/s1600/
1522191524.3806813, 6651-14, https://lh4.googleusercontent.com/-tmhgNKYKJOY/T-VmaqCEd1I/AAAAAAAAHWg/zNWC_xwOiVQ/s1600/
1522193454.6905944, 1304-1, http://lh5.ggpht.com/-nWVIqhDC4fs/RuU7t2zkacI/AAAAAAAAFkc/0ZieRvbk48E/s1600/
1522193885.7786195, 5174-1, http://mw2.google.com/mw-panoramio/photos/medium/46939084.jpg
1522196200.6819227, 3249-2, https://lh3.googleusercontent.com/-U5ybhXU-6Aw/TVafDwxNbkI/AAAAAAAABP8/GLggHSrp82c/s1600/
1522196289.2317889, 233-5, https://lh3.googleusercontent.com/-C1ayWpzwD8g/Ugktdef4Z8I/AAAAAAAAAkY/vkI-oPTVXcM/s0-d/
1522197189.210218, 13973-3, https://lh6.googleusercontent.com/-JciRypMPtZQ/Sq5IQ2xERmI/AAAAAAAAD7c/mX8ONVeimpg/s1600/
1522197786.1931047, 8169-5, https://lh4.googleusercontent.com/-NpFjyYNLUAc/TwHFasB8a8I/AAAAAAAADQ8/dQG0ZOLppOQ/s1600/
1522198173.6368506, 12970-3, https://lh4.googleusercontent.com/-LEX5icMeGU0/TjmtLvkEBRI/AAAAAAAAAFk/Ydcr50ebrXE/s1600/
1522198914.8236804, 7404-1, http://lh4.ggpht.com/-RWwJ7OzSmqM/TNwua6eASDI/AAAAAAAABM4/ugTnlEQ11X8/rj/
1522200159.044933, 2949-23, https://lh6.googleusercontent.com/-iS_QtA-ZWkg/UvrDvpY5GmI/AAAAAAAAAmE/By0Nri_8NJo/s0-d/
1522200343.8761055, 6599-127, https://lh6.googleusercontent.com/-qXQeFr4UYMk/SKOdPMOi65I/AAAAAAAAA4A/v1QS0-6MKHg/s1600/
1522200503.4504886, 1710-1, https://lh4.googleusercontent.com/-DSUFCqUuWGk/UtudocfzvBI/AAAAAAAAHwk/7UQ2HclM8bs/s1600/
1522201548.8876822, 12521-3, https://lh5.googleusercontent.com/-4ChK8NOW52c/UEa3DKTaAPI/AAAAAAAACRw/9O144zx6GhY/s1600/
1522201739.316948, 2246-9, http://lh4.ggpht.com/-DEqcvGqVNLI/TlUhuMSOsqI/AAAAAAAAI3o/hKHojJobhG8/s1600/
1522202128.9338484, 5783-2, https://lh4.googleusercontent.com/-3MlMmY-V6Uc/SN53RtJA14I/AAAAAAAAD5w/OdwT-YwOIL8/s647/
1522202812.7051315, 9179-3, https://lh5.googleusercontent.com/-MWGtTQwaZVE/TyfWYBHBK4I/AAAAAAAADEA/qHA2_Q97Mrc/s1600/
1522203360.509789, 6640-1, https://lh3.googleusercontent.com/-_eGcDM_QN4k/UmbrxnVKO_I/AAAAAAAAEPM/l8vZT_7ZOQM/s1600/
1522204150.693375, 6505-1, https://lh6.googleusercontent.com/-P2qj8YAalDU/UewWuHiRnBI/AAAAAAAAELU/8Vmqvt0aBF8/s1600/
1522204465.915885, 2606-2, https://lh4.googleusercontent.com/-rqP1eXEh9tk/TMa0rDFduFI/AAAAAAAADTg/t71sDYaqB9Y/rj/
1522204497.8914554, 7629-3, https://lh3.googleusercontent.com/-ZkRuvBQeJMk/UPIFyplexSI/AAAAAAAABHc/ZYJvKOhhIVY/s1600/
1522205213.3248398, 2473-4, https://lh5.googleusercontent.com/-VcBZPiy7QcA/Uf36RByvVjI/AAAAAAAAAio/wcr-rDMxZpo/s1600/
1522205352.6584835, 29-1, http://lh5.ggpht.com/-5zJbdVKQpgs/SoJxEUPZdTI/AAAAAAAAAFs/ObqCzq7JvC4/s1600/
1522205784.45118, 851-4, http://lh5.ggpht.com/-pNqdnIU7GuU/TGrOSUktbCI/AAAAAAAAOx8/kVP1IA7JTxY/s1600/
1522205804.620254, 10026-16, https://lh6.googleusercontent.com/-pTJR69lgi9Y/SKcvwZVdAPI/AAAAAAAADps/GNnzbynddv0/s1600/
1522214945.605722, 9183-1-1, http://lh3.ggpht.com/-PKLQ_eaQzuw/TSNKaUyKhZI/AAAAAAAAACs/34bRya_V5Os/s1600/
1522215028.5493274, 9438-1-2, https://lh3.googleusercontent.com/-EJa00rKg0D4/UpIuU7epFoI/AAAAAAAAAKY/gY1_AgrpEcs/s1600/
1522215321.0710356, 12464-1-1, http://lh5.ggpht.com/-W12NDQ0tH2I/RYHpkTTqdSI/AAAAAAAAAD8/q-TV9_TqySM/s128/
1522215728.4890053, 11254-1-1, http://lh4.ggpht.com/-abuBF6VSK9w/SQqeEgOHeyI/AAAAAAAAKx0/4fntT30ldMw/s2048/
1522215736.9315934, 13837-1-1, http://lh5.ggpht.com/-RmO0bWa-ZJQ/SSHa7SpKyzI/AAAAAAAABC0/6XcNSAnSECI/s1600/
1522216027.1243832, 3497-1-1, https://lh4.googleusercontent.com/-gbm-Bt4MLzw/SWAJSQb2jeI/AAAAAAAAAEE/70HF4deoEJk/s1600/
1522216836.5684552, 5706-1-1, http://lh6.ggpht.com/-XFpvYJsZbg4/Rp2iFI80X3I/AAAAAAAAAIY/d9qWh0OpaG8/s1600/
1522217172.359768, 2449-1-5, http://lh5.ggpht.com/-O85B8q9smHk/TopoPQ3NlzI/AAAAAAAAAC0/KYcjKo_SDJY/s2048/
1522217480.0277305, 1065-1-2, http://lh6.ggpht.com/-EDqhYkDkGe0/TVqlhzsw4mI/AAAAAAAADMQ/lcfrtkLPSTM/s1600/
1522218053.7567894, 9633-1-62, https://lh5.googleusercontent.com/-3W8PGYhRBAg/SfSWdls2r7I/AAAAAAAAAaI/jhLzbOBQ-1Q/s1600/
1522218544.6832168, 5166-1-2, https://lh4.googleusercontent.com/-D2GrRBgpb88/UbV9-lToLEI/AAAAAAAAGak/TrnQkA9Gt_4/s1600/
1522218586.6636167, 5554-1-17, https://lh3.googleusercontent.com/-Eb8hjRaqubY/UpxfQBHmMxI/AAAAAAAAI88/0evYrsmOeHg/s1600/
1522218690.0856502, 7761-1-3, https://lh3.googleusercontent.com/-MtW3lmTcszI/RzX8S7f-v6I/AAAAAAAAARY/3E4l_k5hHls/s1600/
1522219210.0612388, 10900-1-17, http://lh3.ggpht.com/-OGEYb1p2yT8/R6oaYV_P6pI/AAAAAAAAAs4/r7l5mtzuryM/rj/
1522219341.5218606, 6599-1-43, https://lh5.googleusercontent.com/-jeS3RyfPBTc/RsFOoO3jS_I/AAAAAAAACSk/Oci7KEWi_yk/rj/
1522219680.842771, 5368-1-1, http://lh4.ggpht.com/-EHeHAnEaTmg/RnrTNPW9csI/AAAAAAAABfc/drA-g06U3yo/s1600/
1522220122.7568343, 12261-1-2, https://lh5.googleusercontent.com/-4NvNOJRjrkA/TLtTA4oGSkI/AAAAAAAAIxY/R0B2dIXIUOc/s1600/
1522220742.114795, 9779-1-52, https://lh6.googleusercontent.com/-ofCw2nxtmIU/S6_tr-eDfYI/AAAAAAAAAho/Lqfkc942EqI/s1600/
1522220758.9768498, 9829-1-1, http://lh3.ggpht.com/-7J2FdN3gkdo/TUMkS5w4-hI/AAAAAAAABHE/7cGQmvxHRPY/s1600/
1522220786.0685327, 12193-1-2, https://lh3.googleusercontent.com/-9NihUEMko5g/TMXqr-f6y1I/AAAAAAAAF4U/Ebi1GUxC_6k/rj/
1522221184.4868882, 4949-1-3, http://lh4.ggpht.com/-v17IXyvs_kc/TAn66es5BcI/AAAAAAAAAho/o01ui_xeDd4/s1600/
1522221381.0421078, 8473-1-2, https://lh6.googleusercontent.com/-rQ_715ITofg/TKjIcMcpFOI/AAAAAAAAbUc/J6nMNlKlqI8/s1600/
1522221417.3902793, 12114-1-1, http://lh4.ggpht.com/-MojceR7Jljw/SmTL0HJPKmI/AAAAAAAABXI/Zd-ws50bQYQ/s1600/
1522221945.2548504, 8063-1-22, https://lh6.googleusercontent.com/-XAbXATO-yzE/TxtA4kCwz9I/AAAAAAAAAa0/V8a40yrCTTE/s1600/
1522222589.0768292, 10890-1-1, https://lh5.googleusercontent.com/-Vh5gOJD7Tvs/S14GcKoOzqI/AAAAAAAAAhI/cxuAsYloQZM/s1600/
1522223195.9413702, 10102-1-2, https://lh3.googleusercontent.com/-259Phhi0pvA/SSyFvQHBNyI/AAAAAAAAAfE/XoRqcQU1Tb0/rj/
1522223516.450262, 9131-1-2, https://lh6.googleusercontent.com/-Jtuk1LgwyNg/TLL60wLkWQI/AAAAAAAACu8/45lx67T5qY8/s1600/
1522223755.7450337, 8326-1-1, https://lh4.googleusercontent.com/-Z6KxpxPnVoo/UzIomWXw18I/AAAAAAACaV0/KSwIHSwsdF4/s1600/
1522223911.70009, 7772-1-3, http://lh6.ggpht.com/-iUaC1bu2sBo/TqcWS0bPT7I/AAAAAAAAACc/39vw1EBruMg/s1600/
1522224036.7720284, 9633-1-197, http://lh3.ggpht.com/-c-SIyJRzFis/SvQfjfkhA3I/AAAAAAAADKM/w5GEgknm2O4/rj/
1522224823.6849847, 10925-1-2, https://lh4.googleusercontent.com/-7eKm9zZWGnY/TQRCJ9csL6I/AAAAAAAABWc/JRtF3x3_Zbw/rj/
1522224826.0871518, 22-1-1, https://lh5.googleusercontent.com/-zcBGLzlP18s/TvPd1Y0E5OI/AAAAAAAAA8Y/Pav5_Fhw0O8/s1600/
1522224843.2408473, 3496-1-3, http://mw2.google.com/mw-panoramio/photos/medium/99772655.jpg
1522225088.8772473, 152-1-4, https://lh5.googleusercontent.com/-srB2uzzOTl8/ShAIlzsFJ6I/AAAAAAAAFMI/4ZAdxU5pqdE/s1600/
1522225486.1996393, 5512-1-4, http://lh3.ggpht.com/-0EtLKpW-6tM/TAOoivXJxLI/AAAAAAAADxg/RiVS1n4juOw/s1600/
1522225782.770174, 5955-1-12, https://lh4.googleusercontent.com/-_YOiRtR3ckU/RulJAGwSElI/AAAAAAAAAPg/R42Nq8Wi7bQ/s1600/
1522225980.2062676, 2126-1-4, https://lh5.googleusercontent.com/-hYhpw-2gHWo/SZF_ESWmuVI/AAAAAAAABME/B997stMy4dY/s1600/
1522226746.8155863, 6014-1-4, http://lh4.ggpht.com/-bWZDmZkJgsA/Rwj-qihBsKI/AAAAAAAADY4/nLO3ioQ_7VM/s1600/
1522227378.7875152, 7896-1-3, http://lh3.ggpht.com/-PPknFu8x3_8/SI9Ca1x0qLI/AAAAAAAAC_U/7Mlha3cPuAw/s1600/
1522227633.84941, 9633-1-265, https://lh5.googleusercontent.com/--I3SddsQkbQ/SPenWcrUlrI/AAAAAAAAA1c/HF1CuNXbM6o/s1600/
1522228145.5918431, 10977-1-2, https://lh4.googleusercontent.com/-TIAqnI7V86I/UWRclycMMrI/AAAAAAAAE28/NmSBsljrT_U/s1600/
1522228176.4605007, 3198-1-4, https://lh4.googleusercontent.com/-uGTp6DPKGrQ/SbQTzkzhL9I/AAAAAAAAAp4/iXUSVAtRiYQ/s1600/
1522229178.5695436, 3274-1-1, http://lh3.ggpht.com/-VgGSUXd2sCM/R8VD2vsjBsI/AAAAAAAAA4Q/_fihPML-D-E/s1600/
1522229711.0017686, 8063-1-46, https://lh5.googleusercontent.com/-q7bcp-jZBLo/T4eFCyLGhaI/AAAAAAAAIdA/NSZUR0MFFPA/s1600/
1522229721.9748318, 10968-1-4, http://lh4.ggpht.com/-bvKkB7AOrvc/SEdyvEtcuSI/AAAAAAAABEE/KaI-bwzcHt4/d/
1522232319.9163423, 3878-1-1, http://lh6.ggpht.com/-NX_3I8ZxKGI/R4aogwsg4MI/AAAAAAAABVk/z4YqwRIpjGY/s2048/
1522234053.2629182, 7416-1-10, http://lh4.ggpht.com/-Hwi1z5ftNuU/Rzpce7yW64I/AAAAAAAAA0o/x47sYc7-z7s/s1600/
1522234332.5345058, 12172-1-19, https://lh6.googleusercontent.com/-NlulrF1gAJc/Tkdn_6ND5MI/AAAAAAAAPqw/QKtq-0mxNag/s1600/
1522235128.3461962, 9779-1-143, https://lh6.googleusercontent.com/-dVr3Xs9sTks/R2Ott31Xm_I/AAAAAAAABNA/aYm31qAP0PA/s1600/
1522235282.2880168, 6635-1-1, http://lh6.ggpht.com/-8nN3gZGjstg/SHCP5G5RbHI/AAAAAAAAGQo/tT8ugslItQ0/s1600/
1522235379.890497, 14840-1-1, https://lh5.googleusercontent.com/-yUq1xdS5J80/Tsd8cotHzBI/AAAAAAAAKSs/KJ80VJoqTKc/s1600/
1522235386.4871197, 7613-1-6, https://lh5.googleusercontent.com/-1okR2rEnJb4/SbNXJUZo0UI/AAAAAAAACBo/OlzK7xRYyS0/rj/
1522236127.984207, 9343-1-1, https://lh3.googleusercontent.com/-0S0ZULm1tFQ/UYZZHC9Iq8I/AAAAAAAAutk/sf0Rfq34Reg/s1600/
1522236320.1901808, 8274-1-12, https://lh5.googleusercontent.com/-xftQ4pnC5kE/TeajB3-XpiI/AAAAAAAAA80/HfH6M_knpdg/s1600/
1522238189.427805, 9108-1-1, https://lh6.googleusercontent.com/-cxPhSfnlrLc/SVZ2EMSn1sI/AAAAAAAAAUY/5aI-W7niHcE/s1600/
1522238479.247276, 4283-1-2, http://mw2.google.com/mw-panoramio/photos/medium/75295821.jpg
1522238595.8201225, 8369-1-1, https://lh3.googleusercontent.com/-vNTvvBdcj-c/RojbyH4KpcI/AAAAAAAAAbk/DKQAqsMY0LY/rj/
1522239184.7668033, 838-1-2, https://lh6.googleusercontent.com/-4F1_H4t2jv0/UIQ5ZxbiAxI/AAAAAAAAFI8/a72bnA-IrZs/s1600/
1522241144.5823393, 6051-1-402, http://lh5.ggpht.com/-TWSj2130QtE/R-7Xlt246_I/AAAAAAAAAHk/mv4BrvdwXKw/s1600/
1522241655.1376293, 13622-1-7, https://lh5.googleusercontent.com/-E42DhdnG4yU/SOPmK-KCFsI/AAAAAAAAAaY/lxf_0nVRZUg/s1600/
1522241917.5749211, 6599-1-183, https://lh6.googleusercontent.com/-5KJiGLRn-r4/Tm0y_P5Qi9I/AAAAAAAAAXc/IwMgJJc_VNA/s1600/
1522242173.292371, 10644-1-8, https://lh4.googleusercontent.com/-AN2hKp0iVGQ/SdZBLP4NOKI/AAAAAAAAFME/kXCMPBFg8yk/s1600/
1522243308.3749998, 1980-1-9, http://lh3.ggpht.com/-OnkdYlhFln4/TeErA4YSeNI/AAAAAAAAAEI/HJ7bTzvujiI/s1600/
1522244589.3339746, 116-1-3, https://lh4.googleusercontent.com/-pZuX2CKDWQU/UAezUgqCl-I/AAAAAAAAOzc/bMlKtZU-7P0/s1600/
1522244625.420165, 747-1-5, https://lh6.googleusercontent.com/--e1R2lqmfJ0/UIBZ_4kCndI/AAAAAAAABBI/6_4lTaIja7U/s1600/
1522244889.177161, 10184-1-28, https://lh6.googleusercontent.com/-OId9i_wmwUs/TowVpAFpY3I/AAAAAAAAGTo/SJNNSkpGWC4/s1600/
1522245306.6351423, 11475-1-4, http://lh3.ggpht.com/-tBxGxmsFAHE/SrKbK9MJ9kI/AAAAAAAAB4I/OSA8Los2PeM/s1600/
1522245615.7579813, 9633-1-432, https://lh6.googleusercontent.com/-CX1t0-IGdwg/ThmtuzGF8_I/AAAAAAAAEIM/Uxh6lU5z6G8/s1600/
1522249538.290804, 1707-2-1, https://lh3.googleusercontent.com/-xeG55EPcngs/UdlSmkJ_i2I/AAAAAAAAr78/AC0EKRU7chg/s1600/
1522249563.673524, 12464-2-1, https://lh4.googleusercontent.com/-lUnFNhP23cM/R4fhGesfFEI/AAAAAAAABkw/2p-j5VjBvAY/s640/
1522249639.8356953, 7502-2-1, https://lh3.googleusercontent.com/-2rygB3D1HPU/SHyrKx9nAII/AAAAAAAAAj4/IwRDAuCaGI0/s640/
1522249666.8518484, 7923-2-1, http://lh3.ggpht.com/-nNmykDMrHhg/SQO_u-MU3yI/AAAAAAAADfw/69NhjEShUao/s1600/
1522249695.4968114, 5554-2-11, https://lh5.googleusercontent.com/-Zty3J_XRw_0/ULNpbtgvvzI/AAAAAAAAJSc/4r6f0zF47EE/s1600/
1522249756.1699138, 2711-2-1, https://lh3.googleusercontent.com/-gNWpAtLIC5M/RtBVHjvY5HI/AAAAAAAAACo/QumxV_Y-ZZ0/s1600/
1522249786.883083, 165-2-1, http://lh3.ggpht.com/-ier8xphClDk/TDMkL2HwnNI/AAAAAAAAxYQ/nR_-XiIv0cQ/s2048/
1522249789.7783606, 1864-2-1, https://lh4.googleusercontent.com/-fPg6LOt5p2U/U2m-L-0_ZRI/AAAAAAAAUH8/pMdcHO3mZx8/s1600/
1522249902.1552315, 8036-2-1, http://lh3.ggpht.com/-_DnoHbi4l1s/S0Ii_DssKmI/AAAAAAAAAts/I_hUl5qpFrg/s1600/
1522250001.4003441, 6599-2-39, https://lh4.googleusercontent.com/-Q0xqNBkZzuM/RxrCM4pCDpI/AAAAAAAAACk/mHOiMmCSMOM/s1600/
1522250074.378996, 9779-2-33, http://lh3.ggpht.com/-jRWuqoyHhIU/R5Usn9U-FWI/AAAAAAAAXls/p4Ywk2umChs/s1600/
1522250184.9770265, 1203-2-1, https://lh4.googleusercontent.com/--hQxPzxqTV4/S-k4gV9J4VI/AAAAAAAAAjY/erRpDvu_9nI/s1600/
1522250227.7285733, 8086-2-1, https://lh6.googleusercontent.com/-eqa17jeh3-8/UqB_z3dOwTI/AAAAAAAAffM/oc1y4aofBmc/s1600/
1522250302.4828763, 6290-2-1, https://lh5.googleusercontent.com/-XYRBPTpYB7g/TG7YsjvcHnI/AAAAAAAAFm8/GIdXI6Tyotg/rj/
1522250399.5287542, 1878-2-9, http://lh5.ggpht.com/-b63VHZg6hf0/TohHT_ZxahI/AAAAAAAACBk/S4b0qyXuAtM/s2048/
1522250464.9586773, 2061-2-45, https://lh5.googleusercontent.com/-JlNESHr8cwQ/RpnOYFwf4WI/AAAAAAAAAR0/fo2YIyX1ZfI/s1600/
1522250479.7826152, 6283-2-1, http://lh4.ggpht.com/-rkJxjiVFhGM/TdDBaz60FKI/AAAAAAAACPY/QH09EU271Ps/s1600/
1522250553.1259913, 13323-2-1, https://lh6.googleusercontent.com/-dcI6a8gsdVU/TezepFxBeHI/AAAAAAAAAoY/tM8eL0ONd6E/s1600/
1522250635.8436332, 13833-2-1, https://lh4.googleusercontent.com/-bdRg2YvFHvk/SrD1tAk3PDI/AAAAAAAAGgo/rEFcGc24Ebo/s1600/
1522250678.5479336, 169-2-1, https://lh5.googleusercontent.com/-V-GaRyazkyM/UhDKD41JapI/AAAAAAAALQ4/6j1R7XCcf-0/s1600/
1522250733.2830403, 14871-2-4, https://lh6.googleusercontent.com/-OfMEkhBs9OA/SEueMhj8yiI/AAAAAAAABkQ/FaFCF8UFLLg/s1600/
1522250830.447153, 8063-2-29, http://lh6.ggpht.com/-MFDK3KNhr8w/R7LxxKuPOYI/AAAAAAAAAz0/XOiVtyy05Ts/s1600/
1522250886.60493, 9383-2-2, https://lh4.googleusercontent.com/-44RYejxw2Ic/Tas0ewtVUFI/AAAAAAAAA1A/QTvJwADz_mY/s1600/
1522250990.5774245, 7130-2-6, https://lh6.googleusercontent.com/-iNf7oiCMt6M/UZUmM0KtUeI/AAAAAAAAAUY/YTIkY6PflqM/s1600/
1522251077.4181774, 9633-2-219, https://lh3.googleusercontent.com/-MRz31eGquSg/S8N8XWVSHKI/AAAAAAAAEqg/GMXhGHN0J7g/s1600/
1522251091.2465787, 7595-2-4, http://lh5.ggpht.com/-ikJzzgW_qdg/SCYw0BOu1pI/AAAAAAAADJI/BtaDKKUW9fo/s1600/
1522251175.1469426, 5554-2-64, http://lh3.ggpht.com/-6vVYfnBxKyM/R0nTkxgCP9I/AAAAAAAADls/-Tc1QRjYGr0/s1600/
1522251254.1849277, 5554-2-67, https://lh6.googleusercontent.com/-IYxUQMnK78w/Sn_mLJuulyI/AAAAAAAABIw/uPPpHlMSdto/s1600/
1522251315.4066954, 9779-2-100, https://lh6.googleusercontent.com/-PyfrOm93Boo/SI2Y82-Jz4I/AAAAAAAAA_k/KpGpS4ZasrQ/rj/
1522251350.8208396, 11371-2-13, http://lh4.ggpht.com/-ncQ4D7sgyJA/TOfCO2TJgCI/AAAAAAAACbI/Bt6fqQDyUAg/s2048/
1522251360.4141972, 6051-2-287, http://lh6.ggpht.com/-Zq7Zzr8trWQ/TRkFjavTE4I/AAAAAAAAAVk/ttijdHj4vkg/s1600/
1522251435.2191434, 6051-2-297, https://lh3.googleusercontent.com/-C0BZ1DYcma8/Tl9IZM8zkAI/AAAAAAAAAEo/QvWm_hF6xZQ/s1600/
1522251453.9693632, 4352-2-55, https://lh5.googleusercontent.com/-653SP4EFTgA/SUWluJCbC6I/AAAAAAAAAnc/wb1E_u39hO8/s1600/
1522251459.5247617, 5590-2-3, http://lh5.ggpht.com/-bw4FYM-_8S0/ThSPT0iJolI/AAAAAAAAAB4/qCY6hqMN544/s2048/
1522251601.3484893, 12121-2-1, https://lh4.googleusercontent.com/-I-XqcQT2n1I/TmZeyhl3OSI/AAAAAAAAGzc/yGi4OqK-Znc/s1600/
1522251612.910305, 5906-2-2, http://lh3.ggpht.com/-SVoBP3-0KDc/SVJWEJsMjYI/AAAAAAAAB_k/7XyU8Q_pPTY/s2048/
1522251662.392076, 7661-2-8, https://lh3.googleusercontent.com/-2eL9ieLnmg4/UgOOkDhHgdI/AAAAAAAAAfQ/JqeM8y53BLU/s1600/
1522251689.5541406, 8041-2-1, http://lh4.ggpht.com/-5-Vzyf_gFsw/Ro-q9AgkwII/AAAAAAAAAdA/QMWvFrhiGF8/s2048/
1522251702.0846143, 9633-2-311, https://lh4.googleusercontent.com/-EFPqexc3-lc/TC8zFqHSJiI/AAAAAAAACms/dv2nOZBkr2Q/rj/
1522251716.061381, 8169-2-8, https://lh3.googleusercontent.com/-OuEjkOzUJoE/Ud77dYrPcNI/AAAAAAAAASE/H09x12J9CQE/s1600/
1522251723.9666452, 6511-2-3, https://lh4.googleusercontent.com/-kXHUdtkaBvs/Umdazzt59gI/AAAAAAAAG9g/mV85vgz8TTQ/s1600/
1522251870.2257447, 9633-2-348, https://lh3.googleusercontent.com/-bOe3mABywBY/SBUfyGF1otI/AAAAAAAAAbM/Y61GMSGPpxU/s1600/
1522251954.5058615, 8830-2-4, https://lh4.googleusercontent.com/-1E3txgB2JS8/TdJAfZ9oU-I/AAAAAAAAA68/6CoeTZceiWk/s1600/
1522252541.7923799, 5994-2-2, http://lh6.ggpht.com/-wTgYxJHx7XE/TU9J2zZX0FI/AAAAAAAAGig/ibdIItt78pc/s1600/
1522252743.9628482, 14174-2-4, https://lh5.googleusercontent.com/-LwBNO06VNeE/Rn125cFOt5I/AAAAAAAAAQw/q1OHbUQi9y4/rj/
1522252786.1395698, 8392-2-1, http://lh4.ggpht.com/-Znot1sO8ATI/TkUGcgnIlkI/AAAAAAAABck/zCm7qpBEx4Y/s1600/
1522252920.825242, 11010-2-5, http://lh5.ggpht.com/-92UJCyfEGZ4/SxCeusgCAgI/AAAAAAAABMU/yR8N6zvJCmo/s1600/
1522252956.26832, 7101-2-2, http://lh3.ggpht.com/-yx8J-dtePgo/S-BmsS11fxI/AAAAAAAAAM4/MUvZev5CIiE/s1600/
1522252980.9010744, 6051-2-449, https://lh4.googleusercontent.com/-7H0g1fY-2ys/TkHtPEFmu9I/AAAAAAAAADs/BpCmc1J1jlM/s128/
1522253157.2271156, 8146-2-1, http://lh5.ggpht.com/-dr9foOZWvX8/SuVrC-2UegI/AAAAAAAAAG0/-1h127fW9sU/rj/
1522253629.541726, 14201-2-1, http://lh3.ggpht.com/-YKCc2vqsdDQ/SxkVyI6d9mI/AAAAAAAABfc/DYBhZ_JIR2E/s1600/
1522253811.9402893, 12830-2-12, https://lh4.googleusercontent.com/-tytCFB0CoUM/STkkv7fLv-I/AAAAAAAADPQ/AbVhrUVaxzg/rj/
1522253816.1388574, 7745-2-1, http://mw2.google.com/mw-panoramio/photos/medium/89448853.jpg
1522253820.6119142, 2617-2-1, https://lh3.googleusercontent.com/-Jom29N8Iq2o/TwgVnUqxrDI/AAAAAAAArPk/6fPGLmV8kY4/s1600/
1522253928.4840605, 9779-2-179, https://lh3.googleusercontent.com/-5vKt6TsJG4U/TYIxT-BJfQI/AAAAAAAAALY/T_F7PRWHTk8/s1600/
1522254134.1130645, 6171-2-2, https://lh4.googleusercontent.com/-QJu4c423pC0/Sp7omc4gVxI/AAAAAAAADZU/IyAixR2KjmQ/s1600/
1522254138.8583806, 1602-2-22, https://lh5.googleusercontent.com/-shthg26H-YI/TNu6N2sS-_I/AAAAAAAAZn0/IznrMkDWqnc/s1600/
1522254263.0438774, 2044-2-24, https://lh3.googleusercontent.com/-iIwiPGzBW78/S4E-kzLWw_I/AAAAAAAACLI/2l5q6QRzqJI/rj/
1522254654.8711388, 8760-2-3, https://lh3.googleusercontent.com/-SHl8z8cjxVg/SomZX16OIoI/AAAAAAAAAM8/zG7AtBt-A6E/s1600/
1522254686.7423663, 9633-2-569, https://lh3.googleusercontent.com/-4QWoCZJQ1pU/R1TLNt4QQ-I/AAAAAAAAAO0/Mjygo4oMnKY/s1600/
1522254770.2704463, 2949-2-52, https://lh5.googleusercontent.com/-rV8z_ujYGso/SAGEtj91rpI/AAAAAAAAC70/4FWAFP5o1sY/s1600/
1522255056.4805818, 5367-2-22, https://lh5.googleusercontent.com/-rFAd4WEO6mw/RnRmdzU5UTI/AAAAAAAAB8M/49FKcy_fnFM/s1600/
1522255128.0244215, 1553-2-95, http://lh6.ggpht.com/-F6NR9kobZPM/TYoSDn1xs9I/AAAAAAAACC0/71dS9iZDtNQ/s2048/
1522255133.6385305, 14301-2-5, https://lh3.googleusercontent.com/-CX6lVwlCUZY/UNQsx_af83I/AAAAAAAATp8/HHm2wDUrIFo/s1600/
1522255145.6427805, 8176-2-1, http://lh5.ggpht.com/-Re45TcsiyK4/TY9UT6FmPqI/AAAAAAAAAas/G0LAn0ZMpAk/s1600/
1522255235.3131583, 3527-2-2, https://lh4.googleusercontent.com/-YF56CFEbTKQ/UuZgiIjJOGI/AAAAAAABJkg/9kb9tE3una4/s1600/
1522255304.420204, 1878-2-27, https://lh6.googleusercontent.com/-GgxjlaLvFX4/S3Ceh9qGcMI/AAAAAAAAE4A/OBdhHp_NmH8/s1600/
1522255347.7662718, 7678-2-13, http://lh4.ggpht.com/-ajkbC5dDPt4/Sa136wsPMwI/AAAAAAAABUU/nlnIuHU65e8/s1600/
1522255384.5059893, 10511-2-24, https://lh5.googleusercontent.com/-8xCv38IJZtk/RtGpkqyJtOI/AAAAAAAAAT8/-Zu63LkZeg8/rj/
1522255400.7800457, 12514-2-7, http://lh3.ggpht.com/-HEQyHCWPh5g/TSSoElFwRNI/AAAAAAAAAU4/mIfNPsGgy1E/s1600/
1522255465.685658, 6599-2-331, https://lh3.googleusercontent.com/-uhpVw4LraDo/SK2A5IndawI/AAAAAAAAAz0/8UfGDEw75KA/s1600/
1522255641.3605595, 14111-2-13, https://lh3.googleusercontent.com/-F4wVGQ-s30w/SKbe0vE2zgI/AAAAAAAADzE/JgwTX_9y2Eg/rj/
1522256370.3329616, 12718-2-60, http://lh3.ggpht.com/-JWyuAir91Bk/SwcAWGx3JpI/AAAAAAAABsE/nEJ3qGpF7D0/s1600/
1522256469.6397183, 823-2-13, http://lh4.ggpht.com/-LXkWxvgposw/TM6DZNnRWTI/AAAAAAAAHzU/irvlLY3aNxA/rj/
1522256513.0010586, 10614-2-3, http://lh3.ggpht.com/-r3-S_uKj8oI/SFnMNISRzxI/AAAAAAAAAuo/S0VgZmPCl5s/s1600/
1522256564.8412004, 6114-2-2, https://lh6.googleusercontent.com/-Wfa97vmrVuo/TFnZ0rEG5NI/AAAAAAAABt8/lOOL-WMHn6Q/s1600/
1522256587.1293285, 5980-2-1, https://lh4.googleusercontent.com/-qbTjEzdZW54/UksJ4hLSUbI/AAAAAAAABLo/ML6mSz-2yxQ/s106-p/
1522256592.3896587, 6663-2-1, https://lh4.googleusercontent.com/-aVRuMW84pGg/UmKlxMoZc4I/AAAAAAAATQY/01fm-Ajl8DY/s1600/
1522256610.5801787, 13653-2-33, http://lh6.ggpht.com/-eOzuGtONRm0/SO4NcizJ7HI/AAAAAAAAAto/zWsKO0bAZSc/s128/
1522256666.9394999, 455-2-2, http://lh4.ggpht.com/-EoeSCFn86hs/RvjHbZK-piI/AAAAAAAAALg/ilwCD6jmXrw/rj/
1522256791.6000416, 9633-2-771, http://lh5.ggpht.com/-qWguNJ3w_90/SKqA2aO1ceI/AAAAAAAAAQQ/HZZ_B97EAGc/rj/
1522256836.3142889, 13113-2-4, https://lh4.googleusercontent.com/-4gZ8WmKuIU8/UXvYKDAAt0I/AAAAAAABJpk/SGxU7nVcm8I/s1600/
1522257286.9637005, 10828-2-1, https://lh6.googleusercontent.com/-CQnBngV_cvA/UC5Xwth1GCI/AAAAAAAAPR0/oAei7yblh_0/s1600/
1522257371.765299, 11018-2-1, https://lh6.googleusercontent.com/--qBkkBKd7_Q/UazQvqUnR6I/AAAAAAAAlcc/eGu9Akl5NfA/s1600/
1522257390.9630609, 293-2-4, http://lh4.ggpht.com/-9eDxxFmEVuU/SNDt30XwGTI/AAAAAAAABDI/VHSaIuMeyXA/s1600/
1522257500.3673508, 6684-2-5, https://lh4.googleusercontent.com/-3O4_Txn1mj8/TyBJv7AoL8I/AAAAAAAAAUE/ZB-sKzA8hDk/s1600/
1522257528.529791, 6599-2-400, http://lh5.ggpht.com/-eUPKaPglwpI/T-0fISOuHNI/AAAAAAAAAD0/snBbnCJ-cmI/s1600/
1522257616.136544, 5046-2-26, https://lh4.googleusercontent.com/-DtrAGwXYO30/S_l1tqPM2ZI/AAAAAAAAGLE/P-tz2tKZb6o/s1600/
1522257742.2572768, 13283-2-1, https://lh4.googleusercontent.com/-k4ZJTZzHHds/TV7dKAnFT7I/AAAAAAAAHL0/W7LYl_2xQ5M/s1600/
1522257785.1879697, 6970-2-1, https://lh4.googleusercontent.com/-LeYCgwOps1Y/Rd3hehd0FkI/AAAAAAAAB78/R0CK6VRnPNM/s1600/
1522258020.9770138, 4352-2-145, http://lh6.ggpht.com/-HfXKEuU4HSc/R-fFAV1ZxsI/AAAAAAAABnQ/IB2emPpL12A/s1600/
1522258490.281686, 740-2-7, https://lh3.googleusercontent.com/-drckuMTwmts/UjWCkKb9x5I/AAAAAAAABF4/v9iOSTpdOvY/s1600/
1522258598.8117225, 3906-2-1, https://lh4.googleusercontent.com/-3ElvYfzvmSU/TblvlihEtlI/AAAAAAAADfs/kTuNmVU69CE/s1600/
1522258681.7698047, 13622-2-17, http://lh4.ggpht.com/-LAWbW1l_VeQ/SZgnU3UcEwI/AAAAAAAAAHw/c1zm-HIrynk/s1600/
1522258767.1469874, 670-2-1, http://mw2.google.com/mw-panoramio/photos/medium/71788519.jpg
1522258959.7943952, 6238-2-2, http://lh3.ggpht.com/-MFw7WGFt8Bo/Tb27kmTLWYI/AAAAAAAAOUk/k4-exPMPoIc/s2048/
1522259074.9181736, 11255-2-9, https://lh6.googleusercontent.com/-yzuU_nNz3QQ/RTUZsvh6ABI/AAAAAAAAAR8/u4-Kh9vYMAE/s1600/
1522259097.388054, 2339-2-13, http://lh5.ggpht.com/-mdnp-Fr4nlU/RxwHEopCGRI/AAAAAAAAAZc/mp4fejU7HXY/s1600/
1522259161.798367, 3804-2-63, https://lh4.googleusercontent.com/-M4ka4fbg4Sk/TVd37yudXsI/AAAAAAAAALI/ZvSTiJYEV4w/s1600/
1522259252.1142867, 4124-2-5, http://lh5.ggpht.com/-wKMX5bL2SeU/SI3LytrBbaI/AAAAAAAAAn8/-TcRCysXh4Q/s1600/
1522259254.8308265, 10184-2-65, https://lh3.googleusercontent.com/-WL1ewIDqudc/TqVVv_Q6QGI/AAAAAAAAAfE/ZtY3NLNJHYA/s1600/
1522259271.236598, 7739-2-1, http://mw2.google.com/mw-panoramio/photos/medium/46311916.jpg
1522259294.1894257, 121-2-6, https://lh6.googleusercontent.com/-GOKr6zkTFbE/TxtA1cAFVdI/AAAAAAAAAaM/AizCHqft0j8/s1600/
1522259395.4844658, 6029-2-4, http://lh3.ggpht.com/-iUvO087m538/RyYD87j9ovI/AAAAAAAAAsQ/21csav3Vx8E/rj/
1522259563.0047088, 428-2-69, https://lh3.googleusercontent.com/-t2w34WTDpKI/TfUIDG2R6kI/AAAAAAAAJNA/rA9SvNcikvI/s1600/
1522259921.7387118, 4102-2-1, http://lh3.ggpht.com/-s3-INpAwixU/TVmSi4WW73I/AAAAAAAAA0Y/t5qCFZgjfwA/s1600/
1522260191.7303264, 12896-2-9, https://lh6.googleusercontent.com/-WcC5wKqHR3Y/S1Kcv9TcfJI/AAAAAAAB6gc/CA4vMNs79YY/s1600/
1522260209.3470163, 2636-2-3, https://lh5.googleusercontent.com/-CSnFVjAybvE/SK20Yp9dYFI/AAAAAAAABVM/oFoyYEU3Dn4/s1600/
1522260216.7595296, 13471-2-24, https://lh3.googleusercontent.com/-PuShOpTh5MQ/T991hayKz9I/AAAAAAAAAKw/Cf1JL1igfFc/s1600/
1522260333.3030262, 6231-2-34, http://lh6.ggpht.com/-OLKj98CBXYw/TLxH1X1kcGI/AAAAAAAAExw/RUePMv7uKao/s1600/
1522260435.946728, 9633-2-1006, http://lh5.ggpht.com/-nG7msDck6mU/TDTJsyu9h7I/AAAAAAAACCs/gx1SpmxLpf0/s1600/
1522260544.8091998, 642-2-2, https://lh6.googleusercontent.com/-S2eAeQpE7S8/RqLHqyDkFEI/AAAAAAAACJI/OdS03UtLHx4/s1600/
1522260746.8314528, 8678-2-1, https://lh4.googleusercontent.com/-kphNzmY-U4M/TDiw2DgPJ9I/AAAAAAAABlc/J_fAVUTrtX4/s1600/
1522260845.253095, 6599-2-512, https://lh3.googleusercontent.com/-ddavMR4-0Ks/S-WWnuGHMTI/AAAAAAAADqQ/zofnWJiOt-Q/s1600/
1522261127.66281, 11371-2-45, https://lh6.googleusercontent.com/-066H-2jhbkM/UGrB44JstVI/AAAAAAAAAVU/eCodu0CfpmQ/s1600/
